{
  "lib.rs": 1777698453.4740856,
  "llm_wiki_lite/src-server/src/config.rs": 1777698967.9994938,
  "llm_wiki_lite/src-server/src/main.rs": 1777721817.9235356,
  "llm_wiki_lite/src-server/src/state.rs": 1777543934.592664,
  "llm_wiki_lite/src-server/src/types/config.rs": 1777543934.592664,
  "llm_wiki_lite/src-server/src/types/wiki.rs": 1777543934.592664,
  "llm_wiki_lite/src-server/src/types/mod.rs": 1777543934.592664,
  "llm_wiki_lite/src-server/src/types/api.rs": 1777543934.592664,
  "llm_wiki_lite/src-server/src/wiki/delete.rs": 1777543934.592664,
  "llm_wiki_lite/src-server/src/wiki/filename.rs": 1777543934.592664,
  "llm_wiki_lite/src-server/src/wiki/mod.rs": 1777543934.592664,
  "llm_wiki_lite/src-server/src/wiki/sources_merge.rs": 1777543934.592664,
  "llm_wiki_lite/src-server/src/wiki/wikilink.rs": 1777543934.592664,
  "llm_wiki_lite/src-server/src/wiki/cleanup.rs": 1777543934.592664,
  "llm_wiki_lite/src-server/src/fs/cache.rs": 1777543934.592664,
  "llm_wiki_lite/src-server/src/fs/mod.rs": 1777543934.592664,
  "llm_wiki_lite/src-server/src/fs/extract.rs": 1777543934.592664,
  "llm_wiki_lite/src-server/src/fs/operations.rs": 1777543934.592664,
  "llm_wiki_lite/src-server/src/api/wiki.rs": 1777543934.592664,
  "llm_wiki_lite/src-server/src/api/clip.rs": 1777543934.588664,
  "llm_wiki_lite/src-server/src/api/search.rs": 1777543934.588664,
  "llm_wiki_lite/src-server/src/api/mod.rs": 1777721785.7774458,
  "llm_wiki_lite/src-server/src/api/ingest.rs": 1777543934.588664,
  "llm_wiki_lite/src-server/src/api/research.rs": 1777543934.588664,
  "llm_wiki_lite/src-server/src/api/project.rs": 1777543934.588664,
  "llm_wiki_lite/src-server/src/api/source.rs": 1777543934.588664,
  "llm_wiki_lite/src-server/src/api/mcp.rs": 1777764349.6274016,
  "llm_wiki_lite/src-server/src/api/embedding.rs": 1777543934.588664,
  "llm_wiki_lite/src-server/src/api/chat.rs": 1777543934.588664,
  "llm_wiki_lite/src-server/src/util/language.rs": 1777543934.592664,
  "llm_wiki_lite/src-server/src/util/mod.rs": 1777543934.592664,
  "llm_wiki_lite/src-server/src/util/output_lang.rs": 1777543934.592664,
  "llm_wiki_lite/src-server/src/util/path.rs": 1777543934.592664,
  "llm_wiki_lite/src-server/src/util/panic_guard.rs": 1777543934.592664,
  "llm_wiki_lite/src-server/src/pipeline/web_search.rs": 1777543934.592664,
  "llm_wiki_lite/src-server/src/pipeline/ingest_cache.rs": 1777543934.592664,
  "llm_wiki_lite/src-server/src/pipeline/enrich_wikilinks.rs": 1777543934.592664,
  "llm_wiki_lite/src-server/src/pipeline/search.rs": 1777543934.592664,
  "llm_wiki_lite/src-server/src/pipeline/mod.rs": 1777543934.592664,
  "llm_wiki_lite/src-server/src/pipeline/ingest.rs": 1777543934.592664,
  "llm_wiki_lite/src-server/src/pipeline/ingest_queue.rs": 1777764301.294454,
  "llm_wiki_lite/src-server/src/pipeline/sweep_reviews.rs": 1777543934.592664,
  "llm_wiki_lite/src-server/src/pipeline/deep_research.rs": 1777543934.592664,
  "llm_wiki_lite/src-server/src/pipeline/context_budget.rs": 1777543934.592664,
  "llm_wiki_lite/src-server/src/pipeline/text_chunker.rs": 1777543934.592664,
  "llm_wiki_lite/src-server/src/pipeline/embedding.rs": 1777543934.592664,
  "llm_wiki_lite/src-server/src/pipeline/lint.rs": 1777543934.592664,
  "llm_wiki_lite/src-server/src/project/mod.rs": 1777543934.592664,
  "llm_wiki_lite/src-server/src/project/manager.rs": 1777543934.592664,
  "llm_wiki_lite/src-server/src/project/templates.rs": 1777543934.592664,
  "llm_wiki_lite/src-server/src/project/identity.rs": 1777543934.592664,
  "llm_wiki_lite/src-server/src/project/mutex.rs": 1777543934.592664,
  "llm_wiki_lite/src-server/src/llm/mod.rs": 1777543934.592664,
  "llm_wiki_lite/src-server/src/llm/providers.rs": 1777543934.592664,
  "llm_wiki_lite/src-server/src/llm/client.rs": 1777543934.592664,
  "llm_wiki_lite/src-server/src/llm/streaming.rs": 1777543934.592664,
  "llm_wiki_lite/src-server/src/vector/store.rs": 1777543934.592664,
  "llm_wiki_lite/src-server/src/vector/mod.rs": 1777543934.592664,
  "llm_wiki_lite/src-server/src/mcp/tools.rs": 1777720354.8116295,
  "llm_wiki_lite/src-server/src/mcp/mod.rs": 1777698639.8259432,
  "llm_wiki_lite/src-server/src/mcp/server.rs": 1777764311.9466047,
  "tests/conftest.py": 1777964430.9235032,
  "tests/_utils.py": 1777964869.0540564,
  "tests/__init__.py": 1777964417.6875064,
  "tests/changes/__init__.py": 1777964418.0835063,
  "tests/changes/add-mcp-server/test_mcp_tools.py": 1777965319.5383153,
  "tests/changes/add-mcp-server/conftest.py": 1777964084.9060333,
  "tests/changes/add-mcp-server/test_mcp_stdio.py": 1777965408.1863244,
  "tests/changes/add-mcp-server/__init__.py": 1777964418.6635063,
  "tests/changes/add-mcp-server/test_mcp_config.py": 1777964994.0136366,
  "tests/changes/add-mcp-server/test_mcp_server.py": 1777965711.0256102,
  "README.md": 1777543682.6478322,
  "llm_wiki_lite/README_CN.md": 1777543934.588664,
  "llm_wiki_lite/README_SERVER.md": 1777543934.588664,
  "llm_wiki_lite/README.md": 1777543934.588664,
  "llm_wiki_lite/src-server/data/pre-delete-a734ba9c/raw/sources/test.txt": 1777543934.588664,
  "llm_wiki_lite/src-server/data/pre-del-fe1cdb8b/wiki/t.md": 1777543934.588664,
  "llm_wiki_lite/src-server/data/pre-del-9f9cd503/raw/sources/t.txt": 1777543934.588664,
  "llm_wiki_lite/docs/plans/2026-04-27-server-mode.md": 1777543934.588664,
  "llm_wiki_lite/docs/plans/2026-05-02-mcp-server-design.md": 1777677410.8303657,
  "tests/README.md": 1777964081.0060358,
  "tests/changes/add-mcp-server/README.md": 1777964110.0854323,
  "openspec/changes/archive/2026-05-05-add-mcp-server/proposal.md": 1777677506.609064,
  "openspec/changes/archive/2026-05-05-add-mcp-server/tasks.md": 1777974226.013014,
  "openspec/changes/archive/2026-05-05-add-mcp-server/design.md": 1777764428.8021266,
  "openspec/changes/archive/2026-05-05-add-mcp-server/specs/mcp-config/spec.md": 1777764395.1525784,
  "openspec/changes/archive/2026-05-05-add-mcp-server/specs/mcp-server/spec.md": 1777677565.583341,
  "openspec/changes/archive/2026-05-05-add-mcp-server/specs/mcp-tools/spec.md": 1777677589.4999316,
  "openspec/specs/mcp-config/spec.md": 1777974441.7449355,
  "openspec/specs/mcp-server/spec.md": 1777974446.8605566,
  "openspec/specs/mcp-tools/spec.md": 1777974456.6788845,
  "graphify-out/GRAPH_REPORT.md": 1777974992.2048414,
  "docs/plans/2026-05-01-mcp-interface-design.md": 1777642951.1966555
}